{"steps": [0, 500, 1000, 1500, 2000, 2500, 3000, 3500, 4000, 4500, 5000, 5500, 6000, 6500, 7000, 7500, 8000, 8500, 9000, 9500, 10000, 10500, 11000, 11500, 12000, 12500, 13000, 13500, 14000, 14500, 15000, 15500, 16000, 16500, 17000, 17500, 18000, 18500, 19000, 19500, 20000, 20500, 21000, 21500, 22000, 22500, 23000, 23500, 24000, 24500, 25000, 25500, 26000, 26500, 27000, 27500, 28000, 28500, 29000, 29500, 30000], "train_loss": [7.654752254486084, 4.092312812805176, 3.0996508598327637, 2.6103322505950928, 2.3470258712768555, 2.2230587005615234, 2.131838321685791, 2.0936129093170166, 2.044081211090088, 2.0089643001556396, 1.987534523010254, 1.970156192779541, 1.951122760772705, 1.9285759925842285, 1.9199365377426147, 1.913509726524353, 1.8997722864151, 1.890639066696167, 1.876930594444275, 1.8810560703277588, 1.863997220993042, 1.8628051280975342, 1.8574261665344238, 1.8351829051971436, 1.8414583206176758, 1.835974097251892, 1.8230981826782227, 1.8269877433776855, 1.8129677772521973, 1.8168084621429443, 1.812514305114746, 1.8067727088928223, 1.7977138757705688, 1.8013436794281006, 1.7895487546920776, 1.796596646308899, 1.779569149017334, 1.7814570665359497, 1.7765076160430908, 1.7671922445297241, 1.772691011428833, 1.764259696006775, 1.7638802528381348, 1.7553818225860596, 1.7576806545257568, 1.7552056312561035, 1.7533798217773438, 1.7449679374694824, 1.7512928247451782, 1.741091012954712, 1.7407448291778564, 1.7384039163589478, 1.7423057556152344, 1.7399418354034424, 1.7365199327468872, 1.7371875047683716, 1.7323459386825562, 1.7303543090820312, 1.732835054397583, 1.730088710784912, 1.7205567359924316], "val_loss": [7.6548943519592285, 4.087578296661377, 3.092787981033325, 2.6072232723236084, 2.3441855907440186, 2.2169313430786133, 2.136343240737915, 2.0779786109924316, 2.052401065826416, 2.018155813217163, 1.994712471961975, 1.972712755203247, 1.9477319717407227, 1.934441328048706, 1.925205945968628, 1.9158345460891724, 1.9015039205551147, 1.9010144472122192, 1.884344220161438, 1.8845734596252441, 1.8668676614761353, 1.8658041954040527, 1.8585678339004517, 1.8497233390808105, 1.8385134935379028, 1.8409804105758667, 1.8318188190460205, 1.818028211593628, 1.820621371269226, 1.8172998428344727, 1.8103348016738892, 1.808665156364441, 1.809553861618042, 1.8021429777145386, 1.799461007118225, 1.7943050861358643, 1.784424901008606, 1.7851569652557373, 1.7798649072647095, 1.7748310565948486, 1.7750771045684814, 1.7669764757156372, 1.7635265588760376, 1.7664566040039062, 1.7608680725097656, 1.7584728002548218, 1.7610182762145996, 1.7547235488891602, 1.7442562580108643, 1.7487852573394775, 1.751552700996399, 1.7430018186569214, 1.7429780960083008, 1.7381865978240967, 1.7335731983184814, 1.7414120435714722, 1.7358773946762085, 1.739378809928894, 1.7379177808761597, 1.7318353652954102, 1.7398083209991455], "lr": [6e-07, 0.0003006, 0.0006, 0.0005996040217398033, 0.000598417248431677, 0.0005964431610862121, 0.0005936875500417233, 0.0005901584979801901, 0.0005858663562193566, 0.0005808237143505336, 0.0005750453633111583, 0.0005685482520004262, 0.000561351437565249, 0.0005534760295023604, 0.0005449451277405237, 0.0005357837548844618, 0.0005260187828192452, 0.0005156788538904242, 0.0005047942968910933, 0.0004933970381023166, 0.0004815205076478431, 0.0004691995414377958, 0.0004564702789889433, 0.00044337005742127136, 0.00042993730194177684, 0.0004162114131367145, 0.0004022326514028896, 0.0003880420188569765, 0.00037368113906924646, 0.0003591921349744642, 0.0003446175053180627, 0.00032999999999999994, 0.00031538249468193724, 0.00030080786502553573, 0.0002863188609307535, 0.00027195798114302346, 0.0002577673485971104, 0.00024378858686328542, 0.00023006269805822305, 0.00021662994257872853, 0.00020352972101105667, 0.00019080045856220408, 0.00017847949235215676, 0.00016660296189768343, 0.0001552057031089065, 0.00014432114610957565, 0.00013398121718075475, 0.00012421624511553818, 0.00011505487225947617, 0.00010652397049763958, 9.864856243475095e-05, 9.145174799957381e-05, 8.495463668884164e-05, 7.917628564946632e-05, 7.413364378064337e-05, 6.984150201980982e-05, 6.63124499582766e-05, 6.355683891378794e-05, 6.158275156832291e-05, 6.039597826019657e-05, 6e-05], "perplexity": [2110.9520895218143, 59.59539444432334, 22.03843514389499, 13.561342368281322, 10.42477923272927, 9.179120033114417, 8.468413989175488, 7.988305110992523, 7.786574757557726, 7.524435665593309, 7.350089367261934, 7.190155186826127, 7.012764382488201, 6.92017686652057, 6.856560601517499, 6.792605174327449, 6.695957061153406, 6.692680370658543, 6.582036659474477, 6.583545694987685, 6.468004655417601, 6.461129808143838, 6.414543498111226, 6.358060252458698, 6.287185369501902, 6.302714480850016, 6.245235287732915, 6.159700841001438, 6.175694657133094, 6.15521594087196, 6.112493562763984, 6.102296381764497, 6.107721935119797, 6.062625625097868, 6.046387626086125, 6.015293158449702, 5.956153584509011, 5.960515467993326, 5.9290553921753215, 5.899284406930295, 5.900736092489326, 5.853129501437188, 5.832971483142472, 5.8500874157999405, 5.817485202133986, 5.8035674163331, 5.818359075592035, 5.781849122384286, 5.721644465323191, 5.7476165586672705, 5.763544793735668, 5.7144715092964065, 5.714335948504676, 5.6870212097028325, 5.660845135635571, 5.705394002373453, 5.673903873549176, 5.693805388515761, 5.6854926474793075, 5.651016075127039, 5.696251466233111], "config": {"n_layer": 4, "n_head": 4, "n_embd": 128, "block_size": 256, "batch_size": 64, "max_iters": 30000, "warmup": 1000, "lr": 0.0006, "min_lr": 6e-05, "weight_decay": 0.1, "eval_interval": 500, "eval_iters": 100, "sample_interval": 2000, "seed": 1337}, "n_params": 1088256, "vocab_size": 2048, "device": "mps"}